#ALBUMID	YEAR	BAND	ALBUMTITLE
1y3trda1E94mQd4PUytpzr	2006	The Who	Endless Wire	
46rjSfrOaPBPX8npn50l0A	1982	The Who	It's Hard
2zLGQD3h1VG2tKzJCdAAyR	1981	The Who	Face Dances (Remastered)
3twpireEUAf36Xk7CEKDnB	1979	The Who	The Kids Are Alright (Remastered)
2Qq60yedIbueTu5Sgn2bfL	1978	The Who	Who Are You
6CTiKdIgtmCJT7lKY0EYNK	1975	The Who	The Who By Numbers
3wd3e4J1CVz9G48jUfLLlP	1973	The Who	Quadrophenia
53PBYiedQrASAs5sy63JqT	1971	The Who	Who's Next (Remastered)
3qNKOtkETN4H9ra0WovJAA	1969	The Who	Tommy (Remastered)
2nSduHVT17MPQCehfMRPG6	1967	The Who	The Who Sell Out (Remastered)
6f4mqM3RNAfO1t6XeeUa8P	1966	The Who	A Quick One (Remastered)
5eUeoz9VV08zSiJgW84Rng	1965	The Who	My Generation (Deluxe Edition)
5zqveAALqLpkXgPLyYItRV	2005	The Rolling Stones	A Bigger Bang
6lbQFxYqubkf4GbEtXARE7	1997	The Rolling Stones	Bridges To Babylon
3oyjbpNQs5Qm5DNVJW4AlV	1994	The Rolling Stones	Voodoo Lounge
7yUBkHdrxKHn4a3QhrfEj4	1989	The Rolling Stones	Steel Wheels
6Xui7Ex7Qs5CafFQnWeR6w	1986	The Rolling Stones	Dirty Work
6Dee9XTTIUh5zXRUguuC40	1983	The Rolling Stones	Undercover
15XNBzVWARPMlu0sEbfBjJ	1981	The Rolling Stones	Tattoo You
5mEjFOLcBs94wSchOtMCTB	1980	The Rolling Stones	Emotional Rescue
1Jv2AqzhgsduUik2p4k3cS	1978	The Rolling Stones	Some Girls
2jtHqgzKfoF8uVvEosb6Jl	1976	The Rolling Stones	Black And Blue
4jCpSNa8dV40aMrHOshRdv	1974	The Rolling Stones	It's Only Rock 'N' Roll
6iVOz2hudE6dv5Yrcsw2c9	1973	The Rolling Stones	Goats Head Soup
5U4dnRZsfW8NmwBBkELFPh	1972	The Rolling Stones	Exile On Main Street
29m6DinzdaD0OPqWKGyMdz	1971	The Rolling Stones	Sticky Fingers (2009 Re-Mastered)
4l4u9e9jSbotSXNjYfOugy	1969	The Rolling Stones	LET IT BLEED
7oS7E5bFMzE8PXTZQKW0ge	1968	The Rolling Stones	BEGGARS BANQUET
0Wx26DAb2cm79j5ofIKKFZ	1967	The Rolling Stones	THEIR SATANIC MAJESTIES REQUEST
36BIYdP4WtviD9Ngqc4SK5	1967	The Rolling Stones	BETWEEN THE BUTTONS
72qrnM4yUNMDDlWiqKc8iY	1966	The Rolling Stones	AFTERMATH
2p2xSwHP4rTPzNCaOveDIP	1965	The Rolling Stones	DECEMBER'S CHILDREN (AND EVERYBODY'S) Remastered
2Q5MwpTmtjscaS34mJFXQQ	1965	The Rolling Stones	OUT OF OUR HEADS (Remastered)
592dKHbXtiglWyt8AEet23	1965	The Rolling Stones	The Rolling Stones	Now!
0MDhZ0yRkugNEg7PmMMUE8	1965	The Rolling Stones	The Rolling Stones No. 2
2Hnje5QVKaPVNuGJ5yHC7Z	1964	The Rolling Stones	12 X 5 (Remastered)
0bJMFJ2XQwpO5nKTrYdUtX	1964	The Rolling Stones	The Rolling Stones
4fODEKBcruDGTihYHvBXBD	1995	Queen	Made in Heaven (Deluxe Remastered Version)
2LC6PPb29hs8rkPHBjUVXJ	1991	Queen	Innuendo (Deluxe Remastered Version)
0kCPII9EM5eqHHCRo1EVjs	1989	Queen	The Miracle (Deluxe Remastered Version)
6QYnikkyKvjmFtTiZVeCW7	1986	Queen	A Kind of Magic (Deluxe Remastered Version)
7oHaj9jkWHByziQsqGAb8V	1984	Queen	The Works (Deluxe Remastered Version)
0xc5IpJM39eEEYSKDrm5kf	1982	Queen	Hot Space (Deluxe Remastered Version)
2SS9qutxzz0XZf4zmoQVdx	1980	Queen	Flash Gordon
1h0j80HhdzIMsUGUFiVkqa	1980	Queen	The Game
5X3rA8To5GDOeIWdQyMEcE	1978	Queen	Jazz
6Di4m5k1BtMJ0R44bWNutu	1977	Queen	News Of The World (Deluxe Remastered Version)
4kmYoWtWvAIS43KwGuRb50	1976	Queen	A Day At The Races
7HVoV2lgVsmuiHsjbbUJB4	1975	Queen	A Night At The Opera
5CooX2xg5YibepSfjbRFNT	1974	Queen	Sheer Heart Attack
6Cg1pPfnfFXlR1qH2H6NDL	1974	Queen	Queen II
5SSpz2RyyEhLt5FDymT4Ph	1973	Queen	Queen
28tDdCP9udOWu4ztorKEuD	2012	Van Halen	A Different Kind Of Truth
2wqTlagAdAEh89tMuToml0	1998	Van Halen	Van Halen III
7nbwELkBki6HJrDZoEfXa3	1995	Van Halen	Balance
42WP0R0fgGMJ97RaIablW9	1991	Van Halen	For Unlawful Carnal Knowledge
3KufjKt0L2EVahGfxOYJhg	1988	Van Halen	OU812
5Ew5vOg3PYyT9QUPCrdIZq	1986	Van Halen	5150
6x2n6wj3WvkRi8J8gxEcF0	1984	Van Halen	1984
25PklWWd9BNwhi6WPiAq4S	1982	Van Halen	Diver Down
1UbevzvcR05ClcUAmzimzh	1981	Van Halen	Fair Warning
5yzgXjSMHeVhYVd7AGD1hI	1980	Van Halen	Women And Children First
4eYRJKNF2HAytIvQtoasLc	1979	Van Halen	Van Halen II
7G2PY8yve3Db0PeGsosb4x	1978	Van Halen	Van Halen
0yU7VItpGPmPcvKmwLg0JT	2014	Pink Floyd	The Endless River
1J0NAouKjVtJKHDHzZcaT5	1994	Pink Floyd	The Division Bell 2011 - Remaster (2011 Remastered Version)
01HKPNTFYT5fWbXgjwfjj8	1987	Pink Floyd	A Momentary Lapse Of Reason (2011 Remastered Version)
3B4RvahQk7zIdYWKZ41QJJ	1983	Pink Floyd	The Final Cut 2011 - Remaster (2011 Remastered Version)
33p78EyTp6esCBodi24Pzx	1979	Pink Floyd	The Wall 2011 - Remaster (2011 Remastered Version)
01g7zbuqO1zMa5F8Lsric1	1977	Pink Floyd	Animals 2011 - Remaster (2011 Remastered Version)
1x0uzT3ETlIYjPueTyNfnQ	1975	Pink Floyd	Wish You Were Here 2011 - Remaster (2011 Remastered Version)
3a0UOgDWw2pTajw85QPMiz	1973	Pink Floyd	The Dark Side Of The Moon 2011 - Remaster (2011 Remastered Version)
7vUVnv8gBkeLOWJDcHJiq3	1972	Pink Floyd	Obscured By Clouds 2011 - Remaster (2011 Remastered Version)
397UShovgBCMVxbnDXMjUN	1971	Pink Floyd	Meddle 2011 - Remaster (2011 Remastered Version)
6rbgf96kGV4qCzTvSSnIFG	1970	Pink Floyd	Atom Heart Mother 2011 - Remaster (2011 Remastered Version)
55MYyc2jD5T1YgOUpuwEbf	1969	Pink Floyd	Ummagumma 2011 - Remaster (2011 Remastered Version)
7CyKDQusk8v9ZPlmbx6Rl7	1969	Pink Floyd	More (Original Film Sountrack) 2011 - Remaster 2011 Remastered Version
6s5b6WXy4iuJ3hhePlyoWu	1968	Pink Floyd	A Saucerful Of Secrets 2011 - Remaster (2011 Remastered Version)
4Qgz29mI2wJFD1tbnXqj7V	1967	Pink Floyd	The Piper At The Gates Of Dawn 2011 - Remaster (2011 Remastered Version)
7bHdQ1nKVv708jxlN1eCCX	2011	Journey	Eclipse
3DxNU09UGdgPNByciDws6k	2005	Journey	Generations
56GB4DQ00oqttzP1tqb70u	2001	Journey	Arrival
6ONz5nWyPfLUV7z5yvVCu7	1996	Journey	Trial By Fire
0o61yZjH9JNYjfQXQkdJFq	1986	Journey	Raised On Radio
2EFUNYmwxe0AOGxBORrfaw	1983	Journey	Frontiers
43wpzak9OmQfrjyksuGwp0	1981	Journey	Escape
2OyVtIEp7O7a6o82DF4Ba5	1980	Journey	Departure
2WNDoavKFIm6KLBEnjCYfD	1979	Journey	Evolution
7K4Nk5fHkCuzNm5A6mdo2U	1978	Journey	Infinity
35GpNAlZhihN2jUm7WL7uH	1977	Journey	Next
4cjthZg9EZT2Hik5XecWQl	1976	Journey	Look Into The Future
28NkOYgAmfDMjecduDX7lL	1975	Journey	Journey
3wAdN3V06Btox7NjFfBKRC	2008	Metallica	Death Magnetic
4kwN2OnnrwY2ZBcm379Ahn	2003	Metallica	St. Anger
73E6u02YIL3dK6UConUUv4	1997	Metallica	Reload
2MD9zkmkFbrVyWy23nnAZQ	1996	Metallica	Load
37lWyRxkf3wQHCOlXM5WfX	1991	Metallica	Metallica
69oeRoYEpSsNPGVuYRxfoB	1988	Metallica	...And Justice For All
41bTjcSaiEe4G40RVVHbux	1986	Metallica	Master Of Puppets
7a1dlwArQK6OCHkr2SNlZR	1984	Metallica	Ride The Lightning
6FMPDVTm8l5IrEQla46VQl	1983	Metallica	Kill 'Em All
1nrDZQLT9EfFArdk9oSCxQ	2012	Aerosmith	Music From Another Dimension!
2BAMyErzVjBJ7kvQWBJmbT	2004	Aerosmith	Honkin' On Bobo
6yRJAw8rbqn8dJVw1nxYWb	2001	Aerosmith	Just Push Play
0xUqFH2GDi0oZ7fwIBAkLQ	1997	Aerosmith	Nine Lives
1tuM8yBePaekEruGsH2J79	1993	Aerosmith	Get A Grip (Reissue - Remaster)
2WXQrFpRtf1FVSS70D5TVT	1989	Aerosmith	Pump (Remastered)
3XYqOJI1YlX40kJTdzFEzp	1987	Aerosmith	Permanent Vacation (Remastered)
4V95fty2dd1ig3a1JzmjYf	1985	Aerosmith	Done With Mirrors
3R08nheJrat1bBUK8ev6Sg	1982	Aerosmith	Rock In A Hard Place
19MVMst4XtFfzLy0z2aKUF	1979	Aerosmith	Night In The Ruts
792SNee67NvAFZbsip969c	1977	Aerosmith	Draw The Line
5Uv5LmSKTT9okGkr3l9MjR	1976	Aerosmith	Rocks
36IxIOGEBAXVozDSiVs09B	1975	Aerosmith	Toys In The Attic
6ts9DsFiEy3H9yIYiggLdq	1974	Aerosmith	Get Your Wings
19lEZSnCCbVEkKchoPQWDZ	1973	Aerosmith	Aerosmith
1QzG31nmzDJw1i4ldB7JQx	2004	Allman Brothers	One Way Out Live at the Beacon Theatre 2003
5AmNgqK3M8zh1HZP2lFDJ0	2003	Allman Brothers	Hittin' The Note
7gtYLyn2jFOCvUTBE3K3RU	2000	Allman Brothers	Peakin' at the Beacon
3XELb407greydEQRHFMYOx	1995	Allman Brothers	An Evening With The Allman Brothers Band/2nd Set/Seven Turns (3 Pak)
3OhZTb3unARrvpYc0STkFM	1994	Allman Brothers	Where It All Begins
4dqmoao5ByiGAdzxgnLOwj	1992	Allman Brothers	An Evening With The Allman Brothers Band
7EYgxaFMeSXhWu0txKQ86I	1991	Allman Brothers	Shades of Two Worlds
3hs8EILzVWUSLljBX0wlN7	1990	Allman Brothers	Seven Turns
6c7Tr0ltE8TX2x3loUeFgW	1981	Allman Brothers	Brothers Of The Road
1jVsOnXYNXK7BzNDVx7lKI	1980	Allman Brothers	Reach For The Sky
3GDpr4chsJQGncS858SLSQ	1979	Allman Brothers	Enlightened Rogues
6KwtaRrXOqjqz1QD3VCa8h	1976	Allman Brothers	Wipe The Windows Check The Oil Dollar Gas
4aJ35l8cKDXBPQe7h9KnyH	1973	Allman Brothers	Brothers And Sisters
3GMfHP49EkBLBQrxaZaNi6	1972	Allman Brothers	Eat A Peach
4xZOTTnuIIvc3sPu9BhwQD	1971	Allman Brothers	At Fillmore East
69p1Ktt4gkPB6Un6vnxj9g	1970	Allman Brothers	Idlewild South
4FBu5GGExc54BrpdKEqJJQ	1969	Allman Brothers	The Allman Brothers Band
1sW1HxI9VppbiXqgFQHVCP	1979	The Eagles	The Long Run
2widuo17g5CEC66IbzveRu	1976	The Eagles	Hotel California (Remastered)
0F77QekrNe8vVAjU2sepja	1975	The Eagles	One Of These Nights
2iCHyD9XHtA3vJFJIuXzqu	1974	The Eagles	On The Border (Remastered)
09WBxbis5Sixt01FVMs8UM	1973	The Eagles	Desperado (Remastered)
51B7LbLWgYLKBVSpkan8Z7	1972	The Eagles	Eagles
0rp7KWSLdzcLufa1IdvnGv	2012	ZZ Top	La Futura
369zVCUGcXqeMZCwFVCdgP	2003	ZZ Top	Mescalero
5iEKSTgVrrMzkylOncB0ON	1999	ZZ Top	X X X
6KEVrQEdQexnQgwpHn1lDI	1996	ZZ Top	Rhythmeen
0ORBiArsF27fSnQpefzMb4	1994	ZZ Top	Antenna
0WbYC0Gc9DFh35DhzDwR1k	1990	ZZ Top	Recycler
1YRTFKHD0QDO2QAKvU4mLz	1985	ZZ Top	Afterburner
5LMGAYhn2ywaxGZdtmXGpw	1983	ZZ Top	Eliminator
3arG8ypefLVEmDBzFVCsyR	1981	ZZ Top	El Loco
339EONXrRgL9iLpxOKrUJZ	1979	ZZ Top	Deguello
3fI0aQIkLZEDk5a8EhzlAn	1976	ZZ Top	Tejas
4krv5xmTGdK9LhWINUkVgO	1975	ZZ Top	Fandango Expanded & Remastered
0Em8m9kRctyH9S3MTXAHvY	1973	ZZ Top	Tres Hombres Expanded & Remastered
4M9bA8YsjIlZOg2wD0BmsM	1972	ZZ Top	Rio Grande Mud
0Y9jM9umdMOH7t19urnOw4	1970	ZZ Top	ZZ Top's First Album
1XtjXmGBlpgUm5OWFqarj4	2012	The Beach Boys	That's Why God Made the Radio
1kubYVT57DBXjciSiRp7v5	1985	The Beach Boys	The Beach Boys (2000 - Remaster)
2WGzXMW0t9Zo7raTRUYDzB	1980	The Beach Boys	Keepin' the Summer Alive (2000 - Remaster)
48nGKNICvdcZSWHwEkIIQz	1979	The Beach Boys	L.A. (Light Album) 2000 - Remaster
7rxW2FFxTPdes4imScpcRz	1978	The Beach Boys	M.I.U. Album (2000 - Remaster)
3ttmiqBiRWbbloqIwOfRZi	1977	The Beach Boys	Love You (2000 - Remaster)
56TmtkBepKW3eZKiRjEl0M	1973	The Beach Boys	Holland (2000 - Remaster)
632t0m8ejm3Geu5rW1CELD	1972	The Beach Boys	Carl & The Passions - So Tough (2000 - Remaster)
5NJHGcHNdLURknY2LfzjZg	1971	The Beach Boys	Surf's Up
6oUeivCrkGIQwM9uSy0N1P	1970	The Beach Boys	Sunflower
2vFDenbFedYVMOwDqTiw82	1969	The Beach Boys	20/20 (2001 - Remaster)
2EeDLAhZi04oPV3FJ2s6uS	1968	The Beach Boys	Friends (2001 - Remaster)
01uTaEF0YlcBgNwaSS9iIl	1967	The Beach Boys	Wild Honey (2001 - Remaster)
37rNuexqEXWeSIOiJtn3A9	1967	The Beach Boys	Smiley Smile (2001 - Remaster)
0BBduHWw9CbB5dctxFp48f	1966	The Beach Boys	Pet Sounds
0TfICuUVNoaytFJ7oahGO2	1965	The Beach Boys	Beach Boys Party! (2001 - Remaster)
13f845bYjx8MUVF2bl1uJ0	1965	The Beach Boys	Summer Days (And Summer Nights) 2001 - Remaster
1xPtXzS5yCbDAqC7pxRCaF	1965	The Beach Boys	The Beach Boys Today! (2001 - Remaster)
67nqYhvjDyJXGD64937Lw3	1964	The Beach Boys	The Beach Boys' Christmas Album
7HaHiD6k7aPc0vw1ipUdiJ	1964	The Beach Boys	All Summer Long (2001 - Remaster)
1G8AfOjrE0FO9w1gfemIy1	1964	The Beach Boys	Shut Down Vol. 2 (2001 - Remaster)
7Cp1SuzeSuz07vrE48IrK7	1963	The Beach Boys	Little Deuce Coupe (2001 - Remaster)
1AhsZr98dNCfhO1XC4Ht7C	1963	The Beach Boys	Surfer Girl (2001 - Remaster)
6u5tGarzvESDsQiIpC4SlI	1963	The Beach Boys	Surfin' USA (2001 - Remaster)
6gcXDGhzGcCBY4dLzEgNFB	1962	The Beach Boys	Surfin' Safari (2001 - Remaster)
44MTd2OAtSYY63DCcQ7P8n	2009	Slayer	World Painted Blood
41dQQuob8FPy5zWGg4vLXU	2006	Slayer	Christ Illusion
1SqpXb3ugUynp0iZgOSWrI	2001	Slayer	God Hates Us All
3ieX8odOCsBdH83wDC3I3W	1998	Slayer	Diabolus In Musica
1Lod9yjwPMjDUlVJcsxaBf	1994	Slayer	Divine Intervention
416nVgqae48Dw0EjD6N4EU	1990	Slayer	Seasons In The Abyss
09ghSsJ7jalI4jWtf7E08b	1988	Slayer	South Of Heaven
2DumvqHl78bNXuvU9kQfPN	1986	Slayer	Reign In Blood (Expanded)
5g0QIKPHDAIVwiq03UeJpN	1985	Slayer	Hell Awaits
3D6BriGykla1Qi2YzeoE7X	1983	Slayer	Show No Mercy
744i0LypfMwHHrKhzsqAx0	2012	Rush	Clockwork Angels
7hgcHQbB7xYr75qPPulfro	2007	Rush	Snakes & Arrows
0mT6ezOOTIUucAF9csghFE	2004	Rush	Feedback
3uDtOe1tP8FovqfD56shua	2002	Rush	Vapor Trails (Remixed)
5fwkYtHrckROAs4ALRJ2Cz	1996	Rush	Test For Echo
6JNHWbFco4bnRP5ybKGriN	1993	Rush	Counterparts
2myflcR6pL3Eo0vJFkyHbU	1991	Rush	Roll The Bones
2DhyqYUQtUBdeT1YOe9o3R	1989	Rush	Presto
3OSQvwW2BElGZfjhsHJEru	1987	Rush	Hold Your Fire
4g5nPCL3oFaJB0402Kedm8	1985	Rush	Power Windows
20RfdO7fta9qlXEWTFSWuT	1984	Rush	Grace Under Pressure
0gAhBCBqahVbuOgROHwISD	1982	Rush	Signals
2xg7iIKoSqaDNpDbJnyCjY	1981	Rush	Moving Pictures (2011 Remaster)
3nUNxSh2szhmN7iifAKv5i	1980	Rush	Permanent Waves
2vrM9ltjKIvNg3nkwXoJuc	1978	Rush	Hemispheres
18i33u5FvfvgHjZMulpyO2	1977	Rush	A Farewell To Kings
5g5aKkI0ExfU4kDvADP6JK	1976	Rush	2112
#  3U3iBmoTag1wxENqHq2ZqF	2009	Rush	Caress Of Steel
3ZtICWkqezf0bBTUwY1Khe	1975	Rush	Fly By Night
57ystaP7WpAOxvCxKFxByS	1974	Rush	Rush
4Msp9ViC0aBawigiVlNoOw	1989	Golden Earring	Keeper Of The Flame
7w3mep4yuBLHE1qNVIGAp0	1986	Golden Earring	The Hole
3PKz1Tn3o3cKnIj1GzfFT3	1984	Golden Earring	N.E.W.S.
1dMzGnObFJwZRG5Ki7i7Nt	1982	Golden Earring	Cut
25243If0fDc8t3RF1TlOcD	1980	Golden Earring	Prisoner Of The Night
2ipdSngImb74dLMgtWCzZ3	1979	Golden Earring	No promises	No Debts
5Aa6sVqNDf0EyhLaqf0P5w	1978	Golden Earring	Grab It For A Second
13f8EVAoSLkMJEY3IkEGDN	1976	Golden Earring	Contraband
6htNGjH8y1pTMZYDgxs6L0	1975	Golden Earring	Switch
6JlXYKnNdfKLNiU66GdRYV	1975	Golden Earring	To The Hilt
2Npk7lWupjix8NIkm7MiQH	1973	Golden Earring	Moontan
2sOrGqGB6f4Prlu1eVHWkv	1972	Golden Earring	Together
6LUfkJbOqL5RIvsZPa0FvT	1971	Golden Earring	Seven Tears
0sjXxDLL1AuCMtFC5A4F1m	1970	Golden Earring	Golden Earring
7AJJ3tzmiN84svneRLBVGJ	1969	Golden Earring	Eight Miles High
2KczZwjyYS7slEBToVGf01	1969	Golden Earring	On The Double
45Ec0wYJ7npo6lXH4GWmxz	2014	U2	Songs Of Innocence
2cVfcuckyfRP6KVAHsRPHC	2009	U2	No Line On The Horizon
2nPJlUlcyQ24e1VdayD6TT	2004	U2	How To Dismantle An Atomic Bomb
7gskILm9UyDvFlmmAoqn2g	2000	U2	All That You Can't Leave Behind
5mojJwWgWNJcY3odUGgQc3	1997	U2	Pop
0IYjMBLA9PgtXyRPlLmTDE	1993	U2	Zooropa
0ta5VdkJcpdVnNrn7g4cZe	1991	U2	Achtung Baby
7hIoJcH4ObWasDFq78u1x9	1988	U2	Rattle And Hum
586ZRfgsIckfcKvHVcGM4V	1987	U2	The Joshua Tree
3FFosIE1A9HGRrinKTcBQ3	1984	U2	The Unforgettable Fire (Remastered)
6GaqU0TlYBKHUiSJ0AT9A2	1983	U2	War (Remastered)
1CZ5aEhYDBEU0HdIdqLMo6	1981	U2	October
2co53OwPjlTvPDQTpErBtU	1980	U2	Boy (Remastered)
55dSc0Ry199sq95DwnHFFa	2014	Tom Petty and the Heartbreakers	Hypnotic Eye
1x0nxFkOWytBolK91qkUSJ	2010	Tom Petty and the Heartbreakers	Mojo
3lS4vVIHslBZgLituEQz5i	2002	Tom Petty and the Heartbreakers	The Last DJ
1lsBEh2R9B39hWfEo4iZSW	1999	Tom Petty and the Heartbreakers	Echo
0FVwC6leDmim0EO68PjYto	1996	Tom Petty and the Heartbreakers	She's The One (Songs and Music From The Motion Picture)
42G5ULkCRRl3crJMlg6eKd	1991	Tom Petty and the Heartbreakers	Into The Great Wide Open
1jti40LLiMKDuSci8PB2RZ	1987	Tom Petty and the Heartbreakers	Let Me Up (I've Had Enough)
2uslG8GJwri1ewdlK2Uuv4	1985	Tom Petty and the Heartbreakers	Southern Accents
2ztfSQWXGq5RKDItE9E3oQ	1982	Tom Petty and the Heartbreakers	Long After Dark
5OO8oMupaMhIZhMrEM8ja3	1981	Tom Petty and the Heartbreakers	Hard Promises (Remastered)
0qKA3aqubD47jfFVoPfsiy	1979	Tom Petty and the Heartbreakers	Damn The Torpedoes (Remastered)
5hULIIwBVNm3cinAAFmv1P	1978	Tom Petty and the Heartbreakers	You're Gonna Get it
6TLTd0P2CUI0Q29AQ1LyFi	1976	Tom Petty and the Heartbreakers	Tom Petty & The Heartbreakers
4bEGlyQHzCfjrqryGwmXD5	2012	Kiss	Monster
0A4lWyi4wbORjnlf4WmvFd	1998	Kiss	Psycho Circus
7HZxqRi5rwLpyPkJJ4DKaK	1997	Kiss	Carnival Of Souls
70eknRp5bKGdFq0rJ7kA3x	1992	Kiss	Revenge
4tA5KsFziTKOuDVAUivcjM	1989	Kiss	Hot In The Shade
3UBqHwvxUDl6jWxY2RhmrN	1987	Kiss	Crazy Nights (Remastered Version)
0WDUDVt1ZYTJX8KPwH3ast	1985	Kiss	Asylum (Remastered Version)
5UxqSH1Ez2fcNVLqvLjsgB	1984	Kiss	Animalize (Remastered Version)
0dD1SMOKBDV1qBadcovw30	1983	Kiss	Lick It Up (Remastered Version)
3W0Q8WxZ6yc1nT7lhZuu9t	1982	Kiss	Creatures Of The Night (Remastered Version)
1J7sLrUoYUrsjhunsgzZpL	1981	Kiss	Music From The Elder (Remastered Version)
3PlYLejxpxhtJcynfE08vE	1980	Kiss	Unmasked (Remastered Version)
4FA68GsblSfvKZZRfM1tI1	1979	Kiss	Dynasty (Remastered Version)
77opKywcxPnBu5aBMASS2b	1977	Kiss	Love Gun (Remastered Version)
6722nY178mLes49GPldnjj	1976	Kiss	Rock And Roll Over (Remastered Version)
2gxSKo4rYBdHjRIbAUnRM2	1976	Kiss	Destroyer (Resurrected)
1YCC4oZXg2zGn7pVSKVlGF	1975	Kiss	Dressed To Kill (Remastered Version)
4n2ovJeGDVOP9SqcvaspxE	1974	Kiss	Hotter Than Hell (Remastered Version)
0NjpmoajQlllfKH9FaNliD	1974	Kiss	Kiss (Remastered Version)
3kRAbAhAkxT3afntGw8zRP	2010	Iron Maiden	The Final Frontier
2D1j6DVhLzmoTycR4xileo	1998	Iron Maiden	Virtual XI
3zYlFJ1MlAOydfTQrKuBCl	1995	Iron Maiden	The X-Factor
6m5VpTKGejcBtRpNO2yc3Z	1992	Iron Maiden	Fear of the Dark
1Vmg3k1H5mhM7mINUJ4CJQ	1990	Iron Maiden	No Prayer for the Dying
0iVkykGF7SSwkFzslfHWVD	1988	Iron Maiden	Seventh Son of a Seventh Son
3rScIeMiWt4VKqP2pLXT0t	1986	Iron Maiden	Somewhere in Time
2VOr2zaYLdC9orHcHOloge	1984	Iron Maiden	Powerslave
5pi11H58Ujh1xylWjUeP9B	1983	Iron Maiden	Piece of Mind
0QXyw5GWqDZe3nSWrM6d4z	1982	Iron Maiden	The Number of the Beast
5mBRsY5eBzQuo5WfbjKItc	1981	Iron Maiden	Killers
5SblDkbcYnFph79O6sFxat	1980	Iron Maiden	Iron Maiden
0GuVFlHom1tRxlBusLCdGa	2013	Motorhead	Aftershock
3kKXyCtp1Wm8qRLVLvbunx	2010	Motorhead	The World Is Yours
7jcVuYUNGeAuvMXGxYaLY4	2008	Motorhead	Motorizer
5Mjf303NaQg2sgb4HuUwr5	1983	Motorhead	Another Perfect Day
5kqnRYyKAnRl2tlZGe4AUX	1986	Motorhead	Orgasmatron
3pbbbyxPPgBTAMbAcVzjex	1992	Motorhead	March Or Die
6mvrfjdgSvwcDXhxyVjWTx	1991	Motorhead	1916
2CVwnliX1wOQVautj8iKbf	1986	Motorhead	Rock 'N' Roll
2TMefJ7gbZBQcOo0e0Lu8P	1982	Motorhead	Iron Fist
2La9yFPh8VZ1VsaVXtHazI	1980	Motorhead	Ace of Spades
3H7rTTgnS6fnKt6OLqT7Td	1979	Motorhead	Bomber
7sHoxrsvofpnXWfj4yiILT	1979	Motorhead	Overkill
4FtDA9DU28D7cn1E1TmB3v	1977	Motorhead	Motorhead
0v3fnxObQkYuIkWcbDoQKx	2014	Yes	Heaven & Earth
7ywMjC4hqTpVrh7BNkH39g	2011	Yes	Fly From Here
41xZQlrRWuG3SVLas1PaEr	2001	Yes	Magnification
3s4N85EVxaKrNnkt2xYi1d	1999	Yes	The Ladder
7BEAUTJAPvPzssBWc1lZ9X	1997	Yes	Keys To Ascension 2
3B2u2mtQrjz03LJDFXoB0q	1996	Yes	Keys To Ascension
447aJIB9W5eJbQCRc00oEy	1991	Yes	Union
1tlsJPpfTZA7Z9o091Ylkk	1987	Yes	Big Generator
6nNlTIiFd3J06W0rJiiwlz	1983	Yes	90125 (Deluxe Version)
2o81cXMVQ3rKINDSFejvzp	1980	Yes	Drama
3O5JCiht37hm8eO8ySZxLz	1978	Yes	Tormato
5D6az0bHFbVbBpWEqnXeCj	1977	Yes	Going For The One
7jDcBAmNwUYT11GLtYSlKt	1974	Yes	Relayer
2jyRgoJxPN33rE4pcbozbQ	1973	Yes	Tales From Topographic Oceans
252LyflX4wUeISSzgL392F	1972	Yes	Close To The Edge
4X6gq5bgpGXcHINlFWzriM	1971	Yes	Fragile
3jmAE8agsRbOlKYfSILfny	1971	Yes	The Yes Album
2HewtHNUrITEeCoGFHJ1eI	1970	Yes	Time And A Word
0gHbaKRQ420kzSNIGX9IHH	1969	Yes	Yes
5wZtSIvijWCMc1vlPFqAyB	2011	Red Hot Chili Peppers	I'm With You
7xl50xr9NDkd3i2kBbzsNZ	2006	Red Hot Chili Peppers	Stadium Arcadium
1jWKVgnHX8nwR551hQNx5K	2002	Red Hot Chili Peppers	By The Way
0fLhefnjlIV3pGNF9Wo8CD	1999	Red Hot Chili Peppers	Californication
74cQBDmkkzRBntR064f0SD	1995	Red Hot Chili Peppers	One Hot Minute
1DCI2yWmV4UI7Aga71yx9B	1991	Red Hot Chili Peppers	Blood Sugar Sex Magik
1oOkcBu5bgkUzZTvKD1m8z	1989	Red Hot Chili Peppers	Mother's Milk
0hqb6YQ8AOMbHfmE1ywBz5	1987	Red Hot Chili Peppers	The Uplift Mofo Party Plan
10Oqhoq2akSJnurJOPk8xT	1985	Red Hot Chili Peppers	Freaky Styley
5QxFTj8ar3blXVyVEo2rxD	1984	Red Hot Chili Peppers	Red Hot Chili Peppers
2DrZYKmcs1WKNfmrnIMJiP	2009	Cheap Trick	The Latest
3hmbmx24sYsvycgBSQxXUY	2006	Cheap Trick	Rockford
0EALB7KHwFpWvvNYTqPEBJ	1990	Cheap Trick	Busted
1aYjx4tcmci0lYwT5sKgvM	1988	Cheap Trick	Lap Of Luxury
5qHuYmZKJF6kYZjif7ECWz	1986	Cheap Trick	The Doctor
2rzIBsrappXePwoyFcBtI6	1985	Cheap Trick	Standing On The Edge
3o7juBCKAo55gwxQooMQ19	1983	Cheap Trick	Next Position Please - The Authorized Version
1TgcbIUPhCpHEkEkYbAP7w	1982	Cheap Trick	One On One
6ObqLVDNlod0Wx14LjE4RS	1980	Cheap Trick	All Shook Up
32uGJTJjdG4PKwQQ2rIp8Z	1979	Cheap Trick	Dream Police
6spHqr7JI2v54Heo05fKXy	1978	Cheap Trick	Heaven Tonight
4SuTOyB3SELv2d0nx6msp5	1977	Cheap Trick	Cheap Trick
1NXkEAlqn9gKy2fJ9pegeQ	1977	Cheap Trick	In Color
0RIfXMHvRpLqHsZ0FZE3mS	2014	Judas Priest	Redeemer of Souls (Deluxe)
1NaWSvsROK0qNMA00Rmnql	2008	Judas Priest	Nostradamus
12rTdEhRhwPpV0XJvZW9u1	2005	Judas Priest	Angel Of Retribution
2jFDRII1DAlwMQ1JdB0S3g	2001	Judas Priest	Demolition
7gxeenpzh6fCU4SyWCtSV5	1990	Judas Priest	Painkiller
6Lhr8neKozhAdWUrnly1mA	1988	Judas Priest	Ram It Down
40ozXOeI8SmqEZmLPoG2Uh	1986	Judas Priest	Turbo
1AwTxw4jeKCEgcRbXTfh0P	1984	Judas Priest	Defenders Of The Faith
5uln4DG8MfBjYKjfgrDy6r	1982	Judas Priest	Screaming For Vengeance
6TcM9ERk485oB2G50uDuT0	1981	Judas Priest	Point Of Entry
2Zozi9Hi9wLHxVxaqpJQBT	1980	Judas Priest	British Steel
3Mvzsgk8nTtX8TnrxAtcbg	1978	Judas Priest	Stained Class
3lFspg70K9BQ9OGOiGugLG	1977	Judas Priest	Sin After Sin
5k3WFIHmmuHrUWSj5McaAe	1976	Judas Priest	Sad Wings Of Destiny
7G2yBPbPAgSKucJQui2JT3	1974	Judas Priest	Rocka Rolla
0c4uG59GOBQl57OETXtc9b	1999	Jethro Tull	J-Tull Dot Com
3Iop6IG5DtHpAShhWV939K	1995	Jethro Tull	Roots To Branches
2XY9B5Es0EjKvIt2gq20nz	1991	Jethro Tull	Catfish Rising
6F394tygBHnJ76dBV4zKFs	1989	Jethro Tull	Rock Island
7alK1pZj8wz5sg2Wm0nIYG	1987	Jethro Tull	Crest Of A Knave
25tdQW6iJeqaSK1YfzdySY	1984	Jethro Tull	Under Wraps
4lpzTVAjVdnLfIpWPqKuKw	1982	Jethro Tull	Broadsword And The Beast
4BIBQxnY57RfcKvSwAJ1ua	1980	Jethro Tull	A
4rQxI8lrm3UZ1bbKlnxQC8	1979	Jethro Tull	Stormwatch
27EEeQwWctNFwKzbYYB7v4	1978	Jethro Tull	Heavy Horses
3hqr2lQ7zQdnyguyuID177	1977	Jethro Tull	Songs From The Wood
4s6pr9xh2U8dgiOvgF6hbU	1976	Jethro Tull	Too Old To Rock 'N' Roll
35eKQzddf5pcCQN6laEHEc	1975	Jethro Tull	Minstrel In The Gallery
3at9gYnaLCS2XvM0e6xd4y	1974	Jethro Tull	Warchild
1mY1n8xO6Na0pDvqyBhG07	1973	Jethro Tull	A Passion Play
1ZxChDw03SUFGUz0RC8A8M	1972	Jethro Tull	Thick As A Brick
0NGM3Ftwjw0dLNpAowmz3x	1971	Jethro Tull	Aqualung
1meW8yyx76RPZebO32VwrB	1970	Jethro Tull	Benefit
7kHvpj74cgrJuJ2K6E0mUm	1969	Jethro Tull	Stand Up
4YAzYO6b4v2b36KddwtCUj	1968	Jethro Tull	This Was
6dMdadS6Ng71pD9As93ufx	2003	Fleetwood Mac	Say You Will
2efkPPuJQ7JrTloWk4lhiV	1995	Fleetwood Mac	Time
3aXrkfZW8FzUDOU0RwQ401	1990	Fleetwood Mac	Behind The Mask
1W5YP0TlKjFtb2UZJThLpV	1987	Fleetwood Mac	Tango In The Night
0P609GWfPgTEXLS5wT9h9o	1982	Fleetwood Mac	Mirage
6b6FYoisWvkLKxF2JDjm1j	1979	Fleetwood Mac	Tusk
1bt6q2SruMsBtcerNVtpZB	1977	Fleetwood Mac	Rumours
5VIQ3VaAoRKOEpJ0fewdvo	1975	Fleetwood Mac	Fleetwood Mac
54ErPXEKvDUTb44zH2MwPL	1968	Fleetwood Mac	Mr Wonderful
7H79aLBXfSGwnYgPnKHRWP	1968	Fleetwood Mac	Fleetwood Mac 1968
2sJjrNjYuMnPLWl46nrIUn	2014	Chicago	Now (Chicago XXXVI)
#  779FUsIUaV0TNBemymyHxO	2013	Chicago	The Nashville Sessions
7M5Tj1I169oouWsvB69FNP	2008	Chicago	Stone of Sisyphus XXXII
2oO4mHWC3q2dsiY60k1Zn3	2006	Chicago	Chicago XXX
2IVVlq6ue3yaJTEeaQEnD5	2003	Chicago	Chicago Christmas What's It Gonna Be Santa
#  4DjSI3qiOKsUlZo4NsgYFq	2002	Chicago	Chicago Transit Authority
3O4ssO9Irsy4iVCZFx4C3E	1995	Chicago	Night & Day
73qc0AZ2o6EjPLL0c1pOFU	1991	Chicago	Chicago TWENTY 1 (Expanded Edition)
3T1G3c1yuDsO2qC0ujeo6y	1988	Chicago	Chicago 19
2LQ37ZZTi3mvdFIR94RPLL	1986	Chicago	Chicago 18
1ICKrl6sDjJD1YdR9VDfPR	1984	Chicago	Chicago 17 Expanded
4NmlDrnZOd3ejob9PoiOd9	1982	Chicago	Chicago 16 Expanded
0Jb4eWvIA4J5ki8ZVaNKd0	1980	Chicago	Chicago XIV (Expanded and Remastered)
3zhMFlaM6YZgETDe5TZlim	1979	Chicago	Chicago 13 (Expanded and Remastered)
1N0mcHButbz4WGPRpPgBey	1978	Chicago	Hot Streets (Expanded and Remastered)
2Uq6uCf2FOmVl30J6028N1	1977	Chicago	Chicago XI
4asBn7hzIq2Ka7rDzJN24P	1976	Chicago	Chicago X
5qWGV0fd7hpdptJYI4G9Dd	1975	Chicago	Chicago IX - Chicago's Greatest Hits
2DwjsmRTd3lcWYsemS6Oax	1975	Chicago	Chicago VIII (Expanded and Remastered)
4O8dmYS0wfxvY56LJdp280	1974	Chicago	Chicago VII (Expanded and Remastered)
1GFLP3fsozSH4uBKA4oDYM	1973	Chicago	Chicago VI (Expanded & Remastered)
2oSXXINsWGuEsc4udgWxh8	1972	Chicago	Chicago V (Expanded And Remastered)
5ZfVe4GpbZUtznmYZK1snL	1971	Chicago	Chicago III
0PRgsdDXQ8QPaDUetVF7yN	1970	Chicago	Chicago II
2XRy88bXI7Nd7ObnLXzoJD	1997	Genesis	Calling All Stations
4KVOF9jhVFdzyrp3e1XeDN	1991	Genesis	We Can't Dance
7jYfZ6i2taKDkiuxncR8P1	1986	Genesis	Invisible Touch
6BX8AS7J97PSQNrteX325Z	1983	Genesis	Genesis
6KSLVAuJx6hWsYEk005uZj	1981	Genesis	Abacab 2007 Remaster
7ryVZ5ca6GM3FAkmlrymgv	1980	Genesis	Duke
590JLqDhvGjjOPLFoka93i	1978	Genesis	And Then There Were Three
4gRwe7MFlmZ08i5N5kwJ2C	1976	Genesis	Wind & Wuthering
5ZhcTdSKircYOKjpX3ycED	1976	Genesis	A Trick Of The Tail
1rZGSWC3pMmejDwYG0ZXma	1973	Genesis	Selling England By The Pound
3y67YB3vSbaopIg1VoAO1n	1972	Genesis	Foxtrot
1FcTAH4sBWvtdO55OffwCQ	1971	Genesis	Nursery Cryme
17hKeFpIov0cxAFQbGegEy	1970	Genesis	Trespass
525nWIZPd0L525Jo7EljVB	1969	Genesis	From Genesis To Revelation
0gd0t1iQ3WReB8TNQvALTV	2008	The Cure	413 Dream
1YYbrkGIPNnqLEcoWEVcuu	2004	The Cure	The Cure
5swgMRfWHhnsES6D65MyN1	2000	The Cure	Bloodflowers
69XNTota6w88wrLZt4AX9n	1996	The Cure	Wild Mood Swings
3x1CmNdXWU0DzpTZXFFRZu	1992	The Cure	Wish
0A13JySVHzBoRZFk2o89Wl	1989	The Cure	Disintegration (Remastered)
7qtRliQvQBu5v6LTi3gNDD	1987	The Cure	Kiss Me Kiss Me Kiss Me
6HhpmJekzDCRu2K64ZbWqw	1985	The Cure	The Head On The Door
6SCYoeXeQjxbrioUozsvo1	1984	The Cure	The Top
33TDfmEXufojT6jxgb3BTK	1982	The Cure	Pornography
1qL9O6xT5zW2h4JtWaT2us	1981	The Cure	Faith
2KWHRfKSRpgsxNGIl2nQva	1980	The Cure	Seventeen Seconds
7qMuRtuE0f9Ct1wRInNT3q	1979	The Cure	Three Imaginary Boys
6nLw89ZIq98t3zdzPJwrBJ	2014	Simple Minds	Big Music
7EZSsF4raiKFZvxqoDxT2L	2005	Simple Minds	Black & White 050505
3QeO0bxTDczoZaZSNAYMuv	1998	Simple Minds	Neapolis (USA ONLY)(Special Packaging)
3KGPshIDHDkW6NVQ1Ndjyr	1995	Simple Minds	Good News From The Next World
2O5Qb4CQBTkN7UIvFBTCsq	1991	Simple Minds	Real Life
3QvvO6qqh3kIykcuVyKzTi	1985	Simple Minds	Once Upon A Time
2fuGLrZ4Ju22UpWqGg5cDW	1984	Simple Minds	Sparkle In The Rain
6OOXughI54xoZBPQRCyhYU	1982	Simple Minds	New Gold Dream (81 82 83 84)
5k8fqMlPpMFxHUGyfnaRON	1981	Simple Minds	Sons And Fascination/Sister Feelings Call
2zIkPkN2rO6Ph1nD07f10N	1980	Simple Minds	Empires And Dance
0NZjDWHRqlvelT1qcLnFEQ	1979	Simple Minds	Reel To Real Cacophony
5KGjp9TgVxAke9Za320Lhb	1979	Simple Minds	Life In A Day